Theta,Phi,Value
0,0,0
0,0.0785398,0
0,0.15708,0
0,0.235619,1.00688
0,0.314159,2.1847
0,0.392699,2.29384
0,0.471239,2.25988
0,0.549779,2.29392
0,0.628319,2.22191
0,0.706858,2.10613
0,0.785398,2.01645
0,0.863938,1.86306
0,0.942478,1.24637
0,1.02102,1.16383
0,1.09956,1.10462
0,1.1781,0
0,1.25664,0
0,1.33518,0
0,1.41372,0
0,1.49226,0
0,1.5708,0
0,1.64934,0
0,1.72788,0
0,1.80642,0
0,1.88496,0
0,1.9635,0
0,2.04204,0
0,2.12058,0
0,2.19911,0
0,2.27765,0
0,2.35619,0
0,2.43473,0
0,2.51327,0
0,2.59181,0
0,2.67035,0
0,2.74889,0
0,2.82743,0
0,2.90597,0
0,2.98451,0
0,3.06305,0
0,3.14159,0
0.15708,0,0
0.15708,0.0785398,0
0.15708,0.15708,2.00865
0.15708,0.235619,2.08229
0.15708,0.314159,2.1402
0.15708,0.392699,2.14227
0.15708,0.471239,2.34201
0.15708,0.549779,2.25196
0.15708,0.628319,2.19053
0.15708,0.706858,2.12534
0.15708,0.785398,2.05195
0.15708,0.863938,1.91698
0.15708,0.942478,1.84639
0.15708,1.02102,1.35465
0.15708,1.09956,1.30147
0.15708,1.1781,0
0.15708,1.25664,0
0.15708,1.33518,0
0.15708,1.41372,0
0.15708,1.49226,0
0.15708,1.5708,0
0.15708,1.64934,0
0.15708,1.72788,0
0.15708,1.80642,0
0.15708,1.88496,0
0.15708,1.9635,0
0.15708,2.04204,0
0.15708,2.12058,0
0.15708,2.19911,0
0.15708,2.27765,0
0.15708,2.35619,0
0.15708,2.43473,0
0.15708,2.51327,0
0.15708,2.59181,0
0.15708,2.67035,0
0.15708,2.74889,0
0.15708,2.82743,0
0.15708,2.90597,0
0.15708,2.98451,0
0.15708,3.06305,0
0.15708,3.14159,0
0.314159,0,0
0.314159,0.0785398,1.70732
0.314159,0.15708,1.70732
0.314159,0.235619,1.78651
0.314159,0.314159,1.90902
0.314159,0.392699,1.95439
0.314159,0.471239,2.02796
0.314159,0.549779,2.0064
0.314159,0.628319,2.03238
0.314159,0.706858,1.92572
0.314159,0.785398,1.87059
0.314159,0.863938,1.85893
0.314159,0.942478,1.75983
0.314159,1.02102,1.43321
0.314159,1.09956,1.34191
0.314159,1.1781,1.3816
0.314159,1.25664,0
0.314159,1.33518,0
0.314159,1.41372,0
0.314159,1.49226,0
0.314159,1.5708,0
0.314159,1.64934,0
0.314159,1.72788,0
0.314159,1.80642,0
0.314159,1.88496,0
0.314159,1.9635,0
0.314159,2.04204,0
0.314159,2.12058,0
0.314159,2.19911,0
0.314159,2.27765,0
0.314159,2.35619,0
0.314159,2.43473,0
0.314159,2.51327,0
0.314159,2.59181,0
0.314159,2.67035,0
0.314159,2.74889,0
0.314159,2.82743,0
0.314159,2.90597,0
0.314159,2.98451,0
0.314159,3.06305,0
0.314159,3.14159,0
0.471239,0,0
0.471239,0.0785398,1.37985
0.471239,0.15708,1.43293
0.471239,0.235619,1.50531
0.471239,0.314159,1.53992
0.471239,0.392699,1.58294
0.471239,0.471239,1.62378
0.471239,0.549779,1.68374
0.471239,0.628319,1.61987
0.471239,0.706858,1.64213
0.471239,0.785398,1.63061
0.471239,0.863938,1.57123
0.471239,0.942478,1.54005
0.471239,1.02102,1.33676
0.471239,1.09956,1.24277
0.471239,1.1781,1.23108
0.471239,1.25664,0
0.471239,1.33518,0
0.471239,1.41372,0
0.471239,1.49226,0
0.471239,1.5708,0
0.471239,1.64934,0
0.471239,1.72788,0
0.471239,1.80642,0
0.471239,1.88496,0
0.471239,1.9635,0
0.471239,2.04204,0
0.471239,2.12058,0
0.471239,2.19911,0
0.471239,2.27765,0
0.471239,2.35619,0
0.471239,2.43473,0
0.471239,2.51327,0
0.471239,2.59181,0
0.471239,2.67035,0
0.471239,2.74889,0
0.471239,2.82743,0
0.471239,2.90597,0
0.471239,2.98451,0
0.471239,3.06305,0
0.471239,3.14159,0
0.628319,0,0.287627
0.628319,0.0785398,0.908213
0.628319,0.15708,1.00505
0.628319,0.235619,1.10439
0.628319,0.314159,0.975322
0.628319,0.392699,1.07086
0.628319,0.471239,1.13475
0.628319,0.549779,1.11057
0.628319,0.628319,1.13879
0.628319,0.706858,1.181
0.628319,0.785398,1.21952
0.628319,0.863938,1.21952
0.628319,0.942478,1.10612
0.628319,1.02102,1.03649
0.628319,1.09956,0.948145
0.628319,1.1781,0.879798
0.628319,1.25664,0.863945
0.628319,1.33518,0
0.628319,1.41372,0
0.628319,1.49226,0
0.628319,1.5708,0
0.628319,1.64934,0
0.628319,1.72788,0
0.628319,1.80642,0
0.628319,1.88496,0
0.628319,1.9635,0
0.628319,2.04204,0
0.628319,2.12058,0
0.628319,2.19911,0
0.628319,2.27765,0
0.628319,2.35619,0
0.628319,2.43473,0
0.628319,2.51327,0
0.628319,2.59181,0
0.628319,2.67035,0
0.628319,2.74889,0
0.628319,2.82743,0
0.628319,2.90597,0
0.628319,2.98451,0
0.628319,3.06305,0
0.628319,3.14159,0
0.785398,0,0.149258
0.785398,0.0785398,0.441697
0.785398,0.15708,0.494402
0.785398,0.235619,0.516913
0.785398,0.314159,0.537446
0.785398,0.392699,0.551949
0.785398,0.471239,0.545603
0.785398,0.549779,0.561964
0.785398,0.628319,0.572675
0.785398,0.706858,0.607265
0.785398,0.785398,0.569041
0.785398,0.863938,0.5959
0.785398,0.942478,0.576008
0.785398,1.02102,0.530912
0.785398,1.09956,0.492696
0.785398,1.1781,0.444537
0.785398,1.25664,0.444537
0.785398,1.33518,0
0.785398,1.41372,0
0.785398,1.49226,0
0.785398,1.5708,0
0.785398,1.64934,0
0.785398,1.72788,0
0.785398,1.80642,0
0.785398,1.88496,0
0.785398,1.9635,0
0.785398,2.04204,0
0.785398,2.12058,0
0.785398,2.19911,0
0.785398,2.27765,0
0.785398,2.35619,0
0.785398,2.43473,0
0.785398,2.51327,0
0.785398,2.59181,0
0.785398,2.67035,0
0.785398,2.74889,0
0.785398,2.82743,0
0.785398,2.90597,0
0.785398,2.98451,0
0.785398,3.06305,0
0.785398,3.14159,0
0.942478,0,0.0233864
0.942478,0.0785398,0.0233864
0.942478,0.15708,0.0377323
0.942478,0.235619,0.037253
0.942478,0.314159,0.0351682
0.942478,0.392699,0.0366919
0.942478,0.471239,0.0374984
0.942478,0.549779,0.0386721
0.942478,0.628319,0.04129
0.942478,0.706858,0.0358606
0.942478,0.785398,0.0374637
0.942478,0.863938,0.03811
0.942478,0.942478,0.0369125
0.942478,1.02102,0.0358185
0.942478,1.09956,0.0332406
0.942478,1.1781,0.0319421
0.942478,1.25664,0
0.942478,1.33518,0
0.942478,1.41372,0
0.942478,1.49226,0
0.942478,1.5708,0
0.942478,1.64934,0
0.942478,1.72788,0
0.942478,1.80642,0
0.942478,1.88496,0
0.942478,1.9635,0
0.942478,2.04204,0
0.942478,2.12058,0
0.942478,2.19911,0
0.942478,2.27765,0
0.942478,2.35619,0
0.942478,2.43473,0
0.942478,2.51327,0
0.942478,2.59181,0
0.942478,2.67035,0
0.942478,2.74889,0
0.942478,2.82743,0
0.942478,2.90597,0
0.942478,2.98451,0
0.942478,3.06305,0
0.942478,3.14159,0
1.09956,0,-0.244721
1.09956,0.0785398,-0.37653
1.09956,0.15708,-0.332915
1.09956,0.235619,-0.388406
1.09956,0.314159,-0.383617
1.09956,0.392699,-0.356181
1.09956,0.471239,-0.35425
1.09956,0.549779,-0.390152
1.09956,0.628319,-0.308662
1.09956,0.706858,-0.328148
1.09956,0.785398,-0.33731
1.09956,0.863938,-0.338327
1.09956,0.942478,-0.337203
1.09956,1.02102,-0.317726
1.09956,1.09956,-0.307227
1.09956,1.1781,-0.31426
1.09956,1.25664,0
1.09956,1.33518,0
1.09956,1.41372,0
1.09956,1.49226,0
1.09956,1.5708,0
1.09956,1.64934,0
1.09956,1.72788,0
1.09956,1.80642,0
1.09956,1.88496,0
1.09956,1.9635,0
1.09956,2.04204,0
1.09956,2.12058,0
1.09956,2.19911,0
1.09956,2.27765,0
1.09956,2.35619,0
1.09956,2.43473,0
1.09956,2.51327,0
1.09956,2.59181,0
1.09956,2.67035,0
1.09956,2.74889,0
1.09956,2.82743,0
1.09956,2.90597,0
1.09956,2.98451,0
1.09956,3.06305,0
1.09956,3.14159,0
1.25664,0,0
1.25664,0.0785398,-0.661697
1.25664,0.15708,-0.692623
1.25664,0.235619,-0.574121
1.25664,0.314159,-0.672492
1.25664,0.392699,-0.621095
1.25664,0.471239,-0.66403
1.25664,0.549779,-0.640389
1.25664,0.628319,-0.532107
1.25664,0.706858,-0.528447
1.25664,0.785398,-0.54174
1.25664,0.863938,-0.549617
1.25664,0.942478,-0.532894
1.25664,1.02102,-0.496394
1.25664,1.09956,-0.488973
1.25664,1.1781,0
1.25664,1.25664,0
1.25664,1.33518,0
1.25664,1.41372,0
1.25664,1.49226,0
1.25664,1.5708,0
1.25664,1.64934,0
1.25664,1.72788,0
1.25664,1.80642,0
1.25664,1.88496,0
1.25664,1.9635,0
1.25664,2.04204,0
1.25664,2.12058,0
1.25664,2.19911,0
1.25664,2.27765,0
1.25664,2.35619,0
1.25664,2.43473,0
1.25664,2.51327,0
1.25664,2.59181,0
1.25664,2.67035,0
1.25664,2.74889,0
1.25664,2.82743,0
1.25664,2.90597,0
1.25664,2.98451,0
1.25664,3.06305,0
1.25664,3.14159,0
1.41372,0,0
1.41372,0.0785398,-0.539293
1.41372,0.15708,-0.845741
1.41372,0.235619,-0.82967
1.41372,0.314159,-0.762167
1.41372,0.392699,-0.700726
1.41372,0.471239,-0.758567
1.41372,0.549779,-0.77621
1.41372,0.628319,-0.574221
1.41372,0.706858,-0.5683
1.41372,0.785398,-0.60374
1.41372,0.863938,-0.578865
1.41372,0.942478,-0.56282
1.41372,1.02102,-0.519423
1.41372,1.09956,-0.492935
1.41372,1.1781,0
1.41372,1.25664,0
1.41372,1.33518,0
1.41372,1.41372,0
1.41372,1.49226,0
1.41372,1.5708,0
1.41372,1.64934,0
1.41372,1.72788,0
1.41372,1.80642,0
1.41372,1.88496,0
1.41372,1.9635,0
1.41372,2.04204,0
1.41372,2.12058,0
1.41372,2.19911,0
1.41372,2.27765,0
1.41372,2.35619,0
1.41372,2.43473,0
1.41372,2.51327,0
1.41372,2.59181,0
1.41372,2.67035,0
1.41372,2.74889,0
1.41372,2.82743,0
1.41372,2.90597,0
1.41372,2.98451,0
1.41372,3.06305,0
1.41372,3.14159,0
1.5708,0,0
1.5708,0.0785398,0
1.5708,0.15708,-0.843582
1.5708,0.235619,-0.770831
1.5708,0.314159,-0.751513
1.5708,0.392699,-0.705086
1.5708,0.471239,-0.678124
1.5708,0.549779,-0.48762
1.5708,0.628319,-0.493006
1.5708,0.706858,-0.494572
1.5708,0.785398,-0.487199
1.5708,0.863938,-0.466511
1.5708,0.942478,-0.440818
1.5708,1.02102,-0.405658
1.5708,1.09956,-0.397193
1.5708,1.1781,0
1.5708,1.25664,0
1.5708,1.33518,0
1.5708,1.41372,0
1.5708,1.49226,0
1.5708,1.5708,0
1.5708,1.64934,0
1.5708,1.72788,0
1.5708,1.80642,0
1.5708,1.88496,0
1.5708,1.9635,0
1.5708,2.04204,0
1.5708,2.12058,0
1.5708,2.19911,0
1.5708,2.27765,0
1.5708,2.35619,0
1.5708,2.43473,0
1.5708,2.51327,0
1.5708,2.59181,0
1.5708,2.67035,0
1.5708,2.74889,0
1.5708,2.82743,0
1.5708,2.90597,0
1.5708,2.98451,0
1.5708,3.06305,0
1.5708,3.14159,0
1.72788,0,0
1.72788,0.0785398,-0.796653
1.72788,0.15708,-0.78165
1.72788,0.235619,-0.764355
1.72788,0.314159,-0.689003
1.72788,0.392699,-0.585545
1.72788,0.471239,-0.561395
1.72788,0.549779,-0.56756
1.72788,0.628319,-0.398866
1.72788,0.706858,-0.403913
1.72788,0.785398,-0.401103
1.72788,0.863938,-0.387936
1.72788,0.942478,-0.369522
1.72788,1.02102,-0.342895
1.72788,1.09956,-0.336328
1.72788,1.1781,0
1.72788,1.25664,0
1.72788,1.33518,0
1.72788,1.41372,0
1.72788,1.49226,0
1.72788,1.5708,0
1.72788,1.64934,0
1.72788,1.72788,0
1.72788,1.80642,0
1.72788,1.88496,0
1.72788,1.9635,0
1.72788,2.04204,0
1.72788,2.12058,0
1.72788,2.19911,0
1.72788,2.27765,0
1.72788,2.35619,0
1.72788,2.43473,0
1.72788,2.51327,0
1.72788,2.59181,0
1.72788,2.67035,0
1.72788,2.74889,0
1.72788,2.82743,0
1.72788,2.90597,0
1.72788,2.98451,0
1.72788,3.06305,0
1.72788,3.14159,0
1.88496,0,-0.451702
1.88496,0.0785398,-0.655168
1.88496,0.15708,-0.525836
1.88496,0.235619,-0.535741
1.88496,0.314159,-0.520277
1.88496,0.392699,-0.461471
1.88496,0.471239,-0.458053
1.88496,0.549779,-0.420523
1.88496,0.628319,0
1.88496,0.706858,0
1.88496,0.785398,0
1.88496,0.863938,0
1.88496,0.942478,0
1.88496,1.02102,0
1.88496,1.09956,0
1.88496,1.1781,0
1.88496,1.25664,0
1.88496,1.33518,0
1.88496,1.41372,0
1.88496,1.49226,0
1.88496,1.5708,0
1.88496,1.64934,0
1.88496,1.72788,0
1.88496,1.80642,0
1.88496,1.88496,0
1.88496,1.9635,0
1.88496,2.04204,0
1.88496,2.12058,0
1.88496,2.19911,0
1.88496,2.27765,0
1.88496,2.35619,0
1.88496,2.43473,0
1.88496,2.51327,0
1.88496,2.59181,0
1.88496,2.67035,0
1.88496,2.74889,0
1.88496,2.82743,0
1.88496,2.90597,0
1.88496,2.98451,0
1.88496,3.06305,0
1.88496,3.14159,0
2.04204,0,-0.333519
2.04204,0.0785398,-0.333519
2.04204,0.15708,-0.293948
2.04204,0.235619,-0.293948
2.04204,0.314159,-0.261926
2.04204,0.392699,-0.10607
2.04204,0.471239,-0.0846403
2.04204,0.549779,-0.0688185
2.04204,0.628319,-0.0599254
2.04204,0.706858,0
2.04204,0.785398,0
2.04204,0.863938,0
2.04204,0.942478,0
2.04204,1.02102,0
2.04204,1.09956,0
2.04204,1.1781,0
2.04204,1.25664,0
2.04204,1.33518,0
2.04204,1.41372,0
2.04204,1.49226,0
2.04204,1.5708,0
2.04204,1.64934,0
2.04204,1.72788,0
2.04204,1.80642,0
2.04204,1.88496,0
2.04204,1.9635,0
2.04204,2.04204,0
2.04204,2.12058,0
2.04204,2.19911,0
2.04204,2.27765,0
2.04204,2.35619,0
2.04204,2.43473,0
2.04204,2.51327,0
2.04204,2.59181,0
2.04204,2.67035,0
2.04204,2.74889,0
2.04204,2.82743,0
2.04204,2.90597,0
2.04204,2.98451,0
2.04204,3.06305,0
2.04204,3.14159,0
2.19911,0,0.00878186
2.19911,0.0785398,0.0287138
2.19911,0.15708,0.0287138
2.19911,0.235619,0.0275766
2.19911,0.314159,0.0136203
2.19911,0.392699,0.0113268
2.19911,0.471239,0.00916135
2.19911,0.549779,0.00572669
2.19911,0.628319,0.00572669
2.19911,0.706858,0
2.19911,0.785398,0
2.19911,0.863938,0
2.19911,0.942478,0
2.19911,1.02102,0
2.19911,1.09956,0
2.19911,1.1781,0
2.19911,1.25664,0
2.19911,1.33518,0
2.19911,1.41372,0
2.19911,1.49226,0
2.19911,1.5708,0
2.19911,1.64934,0
2.19911,1.72788,0
2.19911,1.80642,0
2.19911,1.88496,0
2.19911,1.9635,0
2.19911,2.04204,0
2.19911,2.12058,0
2.19911,2.19911,0
2.19911,2.27765,0
2.19911,2.35619,0
2.19911,2.43473,0
2.19911,2.51327,0
2.19911,2.59181,0
2.19911,2.67035,0
2.19911,2.74889,0
2.19911,2.82743,0
2.19911,2.90597,0
2.19911,2.98451,0
2.19911,3.06305,0
2.19911,3.14159,0
2.35619,0,0
2.35619,0.0785398,0.112181
2.35619,0.15708,0.385762
2.35619,0.235619,0.237706
2.35619,0.314159,0.203032
2.35619,0.392699,0.170025
2.35619,0.471239,0.138983
2.35619,0.549779,0.0907171
2.35619,0.628319,0.0587258
2.35619,0.706858,0.0587258
2.35619,0.785398,0
2.35619,0.863938,0
2.35619,0.942478,0
2.35619,1.02102,0
2.35619,1.09956,0
2.35619,1.1781,0
2.35619,1.25664,0
2.35619,1.33518,0
2.35619,1.41372,0
2.35619,1.49226,0
2.35619,1.5708,0
2.35619,1.64934,0
2.35619,1.72788,0
2.35619,1.80642,0
2.35619,1.88496,0
2.35619,1.9635,0
2.35619,2.04204,0
2.35619,2.12058,0
2.35619,2.19911,0
2.35619,2.27765,0
2.35619,2.35619,0
2.35619,2.43473,0
2.35619,2.51327,0
2.35619,2.59181,0
2.35619,2.67035,0
2.35619,2.74889,0
2.35619,2.82743,0
2.35619,2.90597,0
2.35619,2.98451,0
2.35619,3.06305,0
2.35619,3.14159,0
2.51327,0,0
2.51327,0.0785398,0.59738
2.51327,0.15708,0.527205
2.51327,0.235619,0.439076
2.51327,0.314159,0.372428
2.51327,0.392699,0.372428
2.51327,0.471239,0.29048
2.51327,0.549779,0.233057
2.51327,0.628319,0.131302
2.51327,0.706858,0.0734918
2.51327,0.785398,0.0734918
2.51327,0.863938,0.0231037
2.51327,0.942478,0
2.51327,1.02102,0
2.51327,1.09956,0
2.51327,1.1781,0
2.51327,1.25664,0
2.51327,1.33518,0
2.51327,1.41372,0
2.51327,1.49226,0
2.51327,1.5708,0
2.51327,1.64934,0
2.51327,1.72788,0
2.51327,1.80642,0
2.51327,1.88496,0
2.51327,1.9635,0
2.51327,2.04204,0
2.51327,2.12058,0
2.51327,2.19911,0
2.51327,2.27765,0
2.51327,2.35619,0
2.51327,2.43473,0
2.51327,2.51327,0
2.51327,2.59181,0
2.51327,2.67035,0
2.51327,2.74889,0
2.51327,2.82743,0
2.51327,2.90597,0
2.51327,2.98451,0
2.51327,3.06305,0
2.51327,3.14159,0
2.67035,0,0
2.67035,0.0785398,1.10853
2.67035,0.15708,1.08432
2.67035,0.235619,0.729571
2.67035,0.314159,0.599592
2.67035,0.392699,0.567497
2.67035,0.471239,0.44377
2.67035,0.549779,0.359936
2.67035,0.628319,0.256801
2.67035,0.706858,0.165689
2.67035,0.785398,0.0858958
2.67035,0.863938,0
2.67035,0.942478,0
2.67035,1.02102,0
2.67035,1.09956,0
2.67035,1.1781,0
2.67035,1.25664,0
2.67035,1.33518,0
2.67035,1.41372,0
2.67035,1.49226,0
2.67035,1.5708,0
2.67035,1.64934,0
2.67035,1.72788,0
2.67035,1.80642,0
2.67035,1.88496,0
2.67035,1.9635,0
2.67035,2.04204,0
2.67035,2.12058,0
2.67035,2.19911,0
2.67035,2.27765,0
2.67035,2.35619,0
2.67035,2.43473,0
2.67035,2.51327,0
2.67035,2.59181,0
2.67035,2.67035,0
2.67035,2.74889,0
2.67035,2.82743,0
2.67035,2.90597,0
2.67035,2.98451,0
2.67035,3.06305,0
2.67035,3.14159,0
2.82743,0,0
2.82743,0.0785398,1.34475
2.82743,0.15708,1.34475
2.82743,0.235619,0.995828
2.82743,0.314159,0.825857
2.82743,0.392699,0.781847
2.82743,0.471239,0.619824
2.82743,0.549779,0.534522
2.82743,0.628319,0.396431
2.82743,0.706858,0.275051
2.82743,0.785398,0.142148
2.82743,0.863938,0.116282
2.82743,0.942478,0
2.82743,1.02102,0
2.82743,1.09956,0
2.82743,1.1781,0
2.82743,1.25664,0
2.82743,1.33518,0
2.82743,1.41372,0
2.82743,1.49226,0
2.82743,1.5708,0
2.82743,1.64934,0
2.82743,1.72788,0
2.82743,1.80642,0
2.82743,1.88496,0
2.82743,1.9635,0
2.82743,2.04204,0
2.82743,2.12058,0
2.82743,2.19911,0
2.82743,2.27765,0
2.82743,2.35619,0
2.82743,2.43473,0
2.82743,2.51327,0
2.82743,2.59181,0
2.82743,2.67035,0
2.82743,2.74889,0
2.82743,2.82743,0
2.82743,2.90597,0
2.82743,2.98451,0
2.82743,3.06305,0
2.82743,3.14159,0
2.98451,0,0
2.98451,0.0785398,0
2.98451,0.15708,1.11965
2.98451,0.235619,1.07268
2.98451,0.314159,1.02125
2.98451,0.392699,0.9104
2.98451,0.471239,0.722768
2.98451,0.549779,0.619657
2.98451,0.628319,0.569959
2.98451,0.706858,0.431341
2.98451,0.785398,0.301527
2.98451,0.863938,0.265491
2.98451,0.942478,0
2.98451,1.02102,0
2.98451,1.09956,0
2.98451,1.1781,0
2.98451,1.25664,0
2.98451,1.33518,0
2.98451,1.41372,0
2.98451,1.49226,0
2.98451,1.5708,0
2.98451,1.64934,0
2.98451,1.72788,0
2.98451,1.80642,0
2.98451,1.88496,0
2.98451,1.9635,0
2.98451,2.04204,0
2.98451,2.12058,0
2.98451,2.19911,0
2.98451,2.27765,0
2.98451,2.35619,0
2.98451,2.43473,0
2.98451,2.51327,0
2.98451,2.59181,0
2.98451,2.67035,0
2.98451,2.74889,0
2.98451,2.82743,0
2.98451,2.90597,0
2.98451,2.98451,0
2.98451,3.06305,0
2.98451,3.14159,0
3.14159,0,1.38431
3.14159,0.0785398,1.35516
3.14159,0.15708,1.31602
3.14159,0.235619,1.21447
3.14159,0.314159,1.1556
3.14159,0.392699,1.02975
3.14159,0.471239,0.901344
3.14159,0.549779,0.777135
3.14159,0.628319,0.66091
3.14159,0.706858,0.554377
3.14159,0.785398,0.457938
3.14159,0.863938,0.413415
3.14159,0.942478,0
3.14159,1.02102,0
3.14159,1.09956,0
3.14159,1.1781,0
3.14159,1.25664,0
3.14159,1.33518,0
3.14159,1.41372,0
3.14159,1.49226,0
3.14159,1.5708,0
3.14159,1.64934,0
3.14159,1.72788,0
3.14159,1.80642,0
3.14159,1.88496,0
3.14159,1.9635,0
3.14159,2.04204,0
3.14159,2.12058,0
3.14159,2.19911,0
3.14159,2.27765,0
3.14159,2.35619,0
3.14159,2.43473,0
3.14159,2.51327,0
3.14159,2.59181,0
3.14159,2.67035,0
3.14159,2.74889,0
3.14159,2.82743,0
3.14159,2.90597,0
3.14159,2.98451,0
3.14159,3.06305,0
3.14159,3.14159,0
3.29867,0,-1.3335
3.29867,0.0785398,-1.59949
3.29867,0.15708,-1.5337
3.29867,0.235619,-1.26551
3.29867,0.314159,-1.13801
3.29867,0.392699,-1.07135
3.29867,0.471239,-1.00445
3.29867,0.549779,-0.870037
3.29867,0.628319,-0.806116
3.29867,0.706858,-0.631375
3.29867,0.785398,-0.570909
3.29867,0.863938,-0.522128
3.29867,0.942478,0
3.29867,1.02102,0
3.29867,1.09956,0
3.29867,1.1781,0
3.29867,1.25664,0
3.29867,1.33518,0
3.29867,1.41372,0
3.29867,1.49226,0
3.29867,1.5708,0
3.29867,1.64934,0
3.29867,1.72788,0
3.29867,1.80642,0
3.29867,1.88496,0
3.29867,1.9635,0
3.29867,2.04204,0
3.29867,2.12058,0
3.29867,2.19911,0
3.29867,2.27765,0
3.29867,2.35619,0
3.29867,2.43473,0
3.29867,2.51327,0
3.29867,2.59181,0
3.29867,2.67035,0
3.29867,2.74889,0
3.29867,2.82743,0
3.29867,2.90597,0
3.29867,2.98451,0
3.29867,3.06305,0
3.29867,3.14159,0
3.45575,0,0
3.45575,0.0785398,-1.45866
3.45575,0.15708,-1.41336
3.45575,0.235619,-1.17678
3.45575,0.314159,-1.14748
3.45575,0.392699,-1.08455
3.45575,0.471239,-0.950517
3.45575,0.549779,-0.886061
3.45575,0.628319,-0.808885
3.45575,0.706858,-0.731633
3.45575,0.785398,-0.625415
3.45575,0.863938,-0.561008
3.45575,0.942478,0
3.45575,1.02102,0
3.45575,1.09956,0
3.45575,1.1781,0
3.45575,1.25664,0
3.45575,1.33518,0
3.45575,1.41372,0
3.45575,1.49226,0
3.45575,1.5708,0
3.45575,1.64934,0
3.45575,1.72788,0
3.45575,1.80642,0
3.45575,1.88496,0
3.45575,1.9635,0
3.45575,2.04204,0
3.45575,2.12058,0
3.45575,2.19911,0
3.45575,2.27765,0
3.45575,2.35619,0
3.45575,2.43473,0
3.45575,2.51327,0
3.45575,2.59181,0
3.45575,2.67035,0
3.45575,2.74889,0
3.45575,2.82743,0
3.45575,2.90597,0
3.45575,2.98451,0
3.45575,3.06305,0
3.45575,3.14159,0
3.61283,0,0
3.61283,0.0785398,-0.985409
3.61283,0.15708,-0.985409
3.61283,0.235619,-0.974097
3.61283,0.314159,-0.984437
3.61283,0.392699,-0.929739
3.61283,0.471239,-0.864859
3.61283,0.549779,-0.847213
3.61283,0.628319,-0.768416
3.61283,0.706858,-0.691876
3.61283,0.785398,-0.620468
3.61283,0.863938,-0.516049
3.61283,0.942478,-0.533819
3.61283,1.02102,0
3.61283,1.09956,0
3.61283,1.1781,0
3.61283,1.25664,0
3.61283,1.33518,0
3.61283,1.41372,0
3.61283,1.49226,0
3.61283,1.5708,0
3.61283,1.64934,0
3.61283,1.72788,0
3.61283,1.80642,0
3.61283,1.88496,0
3.61283,1.9635,0
3.61283,2.04204,0
3.61283,2.12058,0
3.61283,2.19911,0
3.61283,2.27765,0
3.61283,2.35619,0
3.61283,2.43473,0
3.61283,2.51327,0
3.61283,2.59181,0
3.61283,2.67035,0
3.61283,2.74889,0
3.61283,2.82743,0
3.61283,2.90597,0
3.61283,2.98451,0
3.61283,3.06305,0
3.61283,3.14159,0
3.76991,0,0
3.76991,0.0785398,-0.708284
3.76991,0.15708,-0.708284
3.76991,0.235619,-0.723554
3.76991,0.314159,-0.723554
3.76991,0.392699,-0.724894
3.76991,0.471239,-0.673561
3.76991,0.549779,-0.656806
3.76991,0.628319,-0.611889
3.76991,0.706858,-0.548943
3.76991,0.785398,-0.491378
3.76991,0.863938,-0.449095
3.76991,0.942478,-0.409807
3.76991,1.02102,-0.426408
3.76991,1.09956,0
3.76991,1.1781,0
3.76991,1.25664,0
3.76991,1.33518,0
3.76991,1.41372,0
3.76991,1.49226,0
3.76991,1.5708,0
3.76991,1.64934,0
3.76991,1.72788,0
3.76991,1.80642,0
3.76991,1.88496,0
3.76991,1.9635,0
3.76991,2.04204,0
3.76991,2.12058,0
3.76991,2.19911,0
3.76991,2.27765,0
3.76991,2.35619,0
3.76991,2.43473,0
3.76991,2.51327,0
3.76991,2.59181,0
3.76991,2.67035,0
3.76991,2.74889,0
3.76991,2.82743,0
3.76991,2.90597,0
3.76991,2.98451,0
3.76991,3.06305,0
3.76991,3.14159,0
3.92699,0,-0.0969834
3.92699,0.0785398,-0.413753
3.92699,0.15708,-0.429903
3.92699,0.235619,-0.393592
3.92699,0.314159,-0.396942
3.92699,0.392699,-0.394232
3.92699,0.471239,-0.386543
3.92699,0.549779,-0.384877
3.92699,0.628319,-0.346484
3.92699,0.706858,-0.335401
3.92699,0.785398,-0.303016
3.92699,0.863938,-0.273568
3.92699,0.942478,-0.234126
3.92699,1.02102,-0.224621
3.92699,1.09956,-0.226843
3.92699,1.1781,0
3.92699,1.25664,0
3.92699,1.33518,0
3.92699,1.41372,0
3.92699,1.49226,0
3.92699,1.5708,0
3.92699,1.64934,0
3.92699,1.72788,0
3.92699,1.80642,0
3.92699,1.88496,0
3.92699,1.9635,0
3.92699,2.04204,0
3.92699,2.12058,0
3.92699,2.19911,0
3.92699,2.27765,0
3.92699,2.35619,0
3.92699,2.43473,0
3.92699,2.51327,0
3.92699,2.59181,0
3.92699,2.67035,0
3.92699,2.74889,0
3.92699,2.82743,0
3.92699,2.90597,0
3.92699,2.98451,0
3.92699,3.06305,0
3.92699,3.14159,0
4.08407,0,-0.00707484
4.08407,0.0785398,-0.0359613
4.08407,0.15708,-0.0305694
4.08407,0.235619,-0.0315881
4.08407,0.314159,-0.0319556
4.08407,0.392699,-0.0316385
4.08407,0.471239,-0.0308884
4.08407,0.549779,-0.0303889
4.08407,0.628319,-0.0290036
4.08407,0.706858,-0.0262682
4.08407,0.785398,-0.0248791
4.08407,0.863938,-0.0223087
4.08407,0.942478,-0.0200468
4.08407,1.02102,-0.0172785
4.08407,1.09956,-0.0164607
4.08407,1.1781,-0.0161684
4.08407,1.25664,0
4.08407,1.33518,0
4.08407,1.41372,0
4.08407,1.49226,0
4.08407,1.5708,0
4.08407,1.64934,0
4.08407,1.72788,0
4.08407,1.80642,0
4.08407,1.88496,0
4.08407,1.9635,0
4.08407,2.04204,0
4.08407,2.12058,0
4.08407,2.19911,0
4.08407,2.27765,0
4.08407,2.35619,0
4.08407,2.43473,0
4.08407,2.51327,0
4.08407,2.59181,0
4.08407,2.67035,0
4.08407,2.74889,0
4.08407,2.82743,0
4.08407,2.90597,0
4.08407,2.98451,0
4.08407,3.06305,0
4.08407,3.14159,0
4.24115,0,0.286808
4.24115,0.0785398,0.286808
4.24115,0.15708,0.341094
4.24115,0.235619,0.323483
4.24115,0.314159,0.34974
4.24115,0.392699,0.360939
4.24115,0.471239,0.350716
4.24115,0.549779,0.340692
4.24115,0.628319,0.342138
4.24115,0.706858,0.304939
4.24115,0.785398,0.285725
4.24115,0.863938,0.264453
4.24115,0.942478,0.235364
4.24115,1.02102,0.209052
4.24115,1.09956,0.187645
4.24115,1.1781,0.16919
4.24115,1.25664,0
4.24115,1.33518,0
4.24115,1.41372,0
4.24115,1.49226,0
4.24115,1.5708,0
4.24115,1.64934,0
4.24115,1.72788,0
4.24115,1.80642,0
4.24115,1.88496,0
4.24115,1.9635,0
4.24115,2.04204,0
4.24115,2.12058,0
4.24115,2.19911,0
4.24115,2.27765,0
4.24115,2.35619,0
4.24115,2.43473,0
4.24115,2.51327,0
4.24115,2.59181,0
4.24115,2.67035,0
4.24115,2.74889,0
4.24115,2.82743,0
4.24115,2.90597,0
4.24115,2.98451,0
4.24115,3.06305,0
4.24115,3.14159,0
4.39823,0,0.536172
4.39823,0.0785398,0.640083
4.39823,0.15708,0.708646
4.39823,0.235619,0.642925
4.39823,0.314159,0.67902
4.39823,0.392699,0.709124
4.39823,0.471239,0.729086
4.39823,0.549779,0.710417
4.39823,0.628319,0.666091
4.39823,0.706858,0.657261
4.39823,0.785398,0.598953
4.39823,0.863938,0.545534
4.39823,0.942478,0.498959
4.39823,1.02102,0.431608
4.39823,1.09956,0.41783
4.39823,1.1781,0
4.39823,1.25664,0
4.39823,1.33518,0
4.39823,1.41372,0
4.39823,1.49226,0
4.39823,1.5708,0
4.39823,1.64934,0
4.39823,1.72788,0
4.39823,1.80642,0
4.39823,1.88496,0
4.39823,1.9635,0
4.39823,2.04204,0
4.39823,2.12058,0
4.39823,2.19911,0
4.39823,2.27765,0
4.39823,2.35619,0
4.39823,2.43473,0
4.39823,2.51327,0
4.39823,2.59181,0
4.39823,2.67035,0
4.39823,2.74889,0
4.39823,2.82743,0
4.39823,2.90597,0
4.39823,2.98451,0
4.39823,3.06305,0
4.39823,3.14159,0
4.55531,0,0
4.55531,0.0785398,0.885842
4.55531,0.15708,0.894253
4.55531,0.235619,0.901422
4.55531,0.314159,0.924853
4.55531,0.392699,0.962647
4.55531,0.471239,1.01349
4.55531,0.549779,1.01733
4.55531,0.628319,0.945129
4.55531,0.706858,0.904442
4.55531,0.785398,0.858956
4.55531,0.863938,0.754875
4.55531,0.942478,0.700901
4.55531,1.02102,0.614707
4.55531,1.09956,0.601998
4.55531,1.1781,0
4.55531,1.25664,0
4.55531,1.33518,0
4.55531,1.41372,0
4.55531,1.49226,0
4.55531,1.5708,0
4.55531,1.64934,0
4.55531,1.72788,0
4.55531,1.80642,0
4.55531,1.88496,0
4.55531,1.9635,0
4.55531,2.04204,0
4.55531,2.12058,0
4.55531,2.19911,0
4.55531,2.27765,0
4.55531,2.35619,0
4.55531,2.43473,0
4.55531,2.51327,0
4.55531,2.59181,0
4.55531,2.67035,0
4.55531,2.74889,0
4.55531,2.82743,0
4.55531,2.90597,0
4.55531,2.98451,0
4.55531,3.06305,0
4.55531,3.14159,0
4.71239,0,0
4.71239,0.0785398,0
4.71239,0.15708,0.965106
4.71239,0.235619,0.972844
4.71239,0.314159,1.03084
4.71239,0.392699,1.07769
4.71239,0.471239,1.14605
4.71239,0.549779,1.14794
4.71239,0.628319,1.09564
4.71239,0.706858,1.03137
4.71239,0.785398,0.939417
4.71239,0.863938,0.859131
4.71239,0.942478,0.769949
4.71239,1.02102,0.697763
4.71239,1.09956,0.681923
4.71239,1.1781,0
4.71239,1.25664,0
4.71239,1.33518,0
4.71239,1.41372,0
4.71239,1.49226,0
4.71239,1.5708,0
4.71239,1.64934,0
4.71239,1.72788,0
4.71239,1.80642,0
4.71239,1.88496,0
4.71239,1.9635,0
4.71239,2.04204,0
4.71239,2.12058,0
4.71239,2.19911,0
4.71239,2.27765,0
4.71239,2.35619,0
4.71239,2.43473,0
4.71239,2.51327,0
4.71239,2.59181,0
4.71239,2.67035,0
4.71239,2.74889,0
4.71239,2.82743,0
4.71239,2.90597,0
4.71239,2.98451,0
4.71239,3.06305,0
4.71239,3.14159,0
4.86947,0,0
4.86947,0.0785398,0.76131
4.86947,0.15708,0.904537
4.86947,0.235619,0.958885
4.86947,0.314159,0.975052
4.86947,0.392699,1.03184
4.86947,0.471239,1.1278
4.86947,0.549779,1.12989
4.86947,0.628319,1.05043
4.86947,0.706858,0.976737
4.86947,0.785398,0.91469
4.86947,0.863938,0.805906
4.86947,0.942478,0.741993
4.86947,1.02102,0.653746
4.86947,1.09956,0.639191
4.86947,1.1781,0
4.86947,1.25664,0
4.86947,1.33518,0
4.86947,1.41372,0
4.86947,1.49226,0
4.86947,1.5708,0
4.86947,1.64934,0
4.86947,1.72788,0
4.86947,1.80642,0
4.86947,1.88496,0
4.86947,1.9635,0
4.86947,2.04204,0
4.86947,2.12058,0
4.86947,2.19911,0
4.86947,2.27765,0
4.86947,2.35619,0
4.86947,2.43473,0
4.86947,2.51327,0
4.86947,2.59181,0
4.86947,2.67035,0
4.86947,2.74889,0
4.86947,2.82743,0
4.86947,2.90597,0
4.86947,2.98451,0
4.86947,3.06305,0
4.86947,3.14159,0
5.02655,0,0
5.02655,0.0785398,0.727612
5.02655,0.15708,0.690731
5.02655,0.235619,0.819626
5.02655,0.314159,0.815581
5.02655,0.392699,0.785914
5.02655,0.471239,0.820428
5.02655,0.549779,0.822885
5.02655,0.628319,0.808358
5.02655,0.706858,0.747812
5.02655,0.785398,0.675852
5.02655,0.863938,0.614269
5.02655,0.942478,0.562375
5.02655,1.02102,0.508009
5.02655,1.09956,0.472538
5.02655,1.1781,0
5.02655,1.25664,0
5.02655,1.33518,0
5.02655,1.41372,0
5.02655,1.49226,0
5.02655,1.5708,0
5.02655,1.64934,0
5.02655,1.72788,0
5.02655,1.80642,0
5.02655,1.88496,0
5.02655,1.9635,0
5.02655,2.04204,0
5.02655,2.12058,0
5.02655,2.19911,0
5.02655,2.27765,0
5.02655,2.35619,0
5.02655,2.43473,0
5.02655,2.51327,0
5.02655,2.59181,0
5.02655,2.67035,0
5.02655,2.74889,0
5.02655,2.82743,0
5.02655,2.90597,0
5.02655,2.98451,0
5.02655,3.06305,0
5.02655,3.14159,0
5.18363,0,0.290617
5.18363,0.0785398,0.366232
5.18363,0.15708,0.413415
5.18363,0.235619,0.391523
5.18363,0.314159,0.433283
5.18363,0.392699,0.409501
5.18363,0.471239,0.417462
5.18363,0.549779,0.417462
5.18363,0.628319,0.403376
5.18363,0.706858,0.380215
5.18363,0.785398,0.338246
5.18363,0.863938,0.311899
5.18363,0.942478,0.280723
5.18363,1.02102,0.251502
5.18363,1.09956,0.228004
5.18363,1.1781,0.213176
5.18363,1.25664,0
5.18363,1.33518,0
5.18363,1.41372,0
5.18363,1.49226,0
5.18363,1.5708,0
5.18363,1.64934,0
5.18363,1.72788,0
5.18363,1.80642,0
5.18363,1.88496,0
5.18363,1.9635,0
5.18363,2.04204,0
5.18363,2.12058,0
5.18363,2.19911,0
5.18363,2.27765,0
5.18363,2.35619,0
5.18363,2.43473,0
5.18363,2.51327,0
5.18363,2.59181,0
5.18363,2.67035,0
5.18363,2.74889,0
5.18363,2.82743,0
5.18363,2.90597,0
5.18363,2.98451,0
5.18363,3.06305,0
5.18363,3.14159,0
5.34071,0,-0.0277724
5.34071,0.0785398,-0.030092
5.34071,0.15708,-0.0371955
5.34071,0.235619,-0.0413071
5.34071,0.314159,-0.0423024
5.34071,0.392699,-0.0362364
5.34071,0.471239,-0.0361784
5.34071,0.549779,-0.036236
5.34071,0.628319,-0.0349037
5.34071,0.706858,-0.033505
5.34071,0.785398,-0.030458
5.34071,0.863938,-0.0275714
5.34071,0.942478,-0.0250448
5.34071,1.02102,-0.02203
5.34071,1.09956,-0.0196595
5.34071,1.1781,-0.0195329
5.34071,1.25664,0
5.34071,1.33518,0
5.34071,1.41372,0
5.34071,1.49226,0
5.34071,1.5708,0
5.34071,1.64934,0
5.34071,1.72788,0
5.34071,1.80642,0
5.34071,1.88496,0
5.34071,1.9635,0
5.34071,2.04204,0
5.34071,2.12058,0
5.34071,2.19911,0
5.34071,2.27765,0
5.34071,2.35619,0
5.34071,2.43473,0
5.34071,2.51327,0
5.34071,2.59181,0
5.34071,2.67035,0
5.34071,2.74889,0
5.34071,2.82743,0
5.34071,2.90597,0
5.34071,2.98451,0
5.34071,3.06305,0
5.34071,3.14159,0
5.49779,0,0
5.49779,0.0785398,-0.537009
5.49779,0.15708,-0.537009
5.49779,0.235619,-0.560231
5.49779,0.314159,-0.56157
5.49779,0.392699,-0.569594
5.49779,0.471239,-0.457048
5.49779,0.549779,-0.463278
5.49779,0.628319,-0.426473
5.49779,0.706858,-0.415518
5.49779,0.785398,-0.381444
5.49779,0.863938,-0.349997
5.49779,0.942478,-0.308942
5.49779,1.02102,-0.275988
5.49779,1.09956,-0.275988
5.49779,1.1781,0
5.49779,1.25664,0
5.49779,1.33518,0
5.49779,1.41372,0
5.49779,1.49226,0
5.49779,1.5708,0
5.49779,1.64934,0
5.49779,1.72788,0
5.49779,1.80642,0
5.49779,1.88496,0
5.49779,1.9635,0
5.49779,2.04204,0
5.49779,2.12058,0
5.49779,2.19911,0
5.49779,2.27765,0
5.49779,2.35619,0
5.49779,2.43473,0
5.49779,2.51327,0
5.49779,2.59181,0
5.49779,2.67035,0
5.49779,2.74889,0
5.49779,2.82743,0
5.49779,2.90597,0
5.49779,2.98451,0
5.49779,3.06305,0
5.49779,3.14159,0
5.65487,0,-0.240034
5.65487,0.0785398,-0.9766
5.65487,0.15708,-1.03049
5.65487,0.235619,-1.02264
5.65487,0.314159,-1.09009
5.65487,0.392699,-1.09009
5.65487,0.471239,-1.09394
5.65487,0.549779,-0.799098
5.65487,0.628319,-0.763789
5.65487,0.706858,-0.701981
5.65487,0.785398,-0.644101
5.65487,0.863938,-0.600509
5.65487,0.942478,-0.53342
5.65487,1.02102,-0.515444
5.65487,1.09956,0
5.65487,1.1781,0
5.65487,1.25664,0
5.65487,1.33518,0
5.65487,1.41372,0
5.65487,1.49226,0
5.65487,1.5708,0
5.65487,1.64934,0
5.65487,1.72788,0
5.65487,1.80642,0
5.65487,1.88496,0
5.65487,1.9635,0
5.65487,2.04204,0
5.65487,2.12058,0
5.65487,2.19911,0
5.65487,2.27765,0
5.65487,2.35619,0
5.65487,2.43473,0
5.65487,2.51327,0
5.65487,2.59181,0
5.65487,2.67035,0
5.65487,2.74889,0
5.65487,2.82743,0
5.65487,2.90597,0
5.65487,2.98451,0
5.65487,3.06305,0
5.65487,3.14159,0
5.81195,0,-0.344205
5.81195,0.0785398,-1.40059
5.81195,0.15708,-1.46228
5.81195,0.235619,-1.52829
5.81195,0.314159,-1.57812
5.81195,0.392699,-1.5364
5.81195,0.471239,-1.55745
5.81195,0.549779,-1.53892
5.81195,0.628319,-1.52909
5.81195,0.706858,-0.905977
5.81195,0.785398,-0.836277
5.81195,0.863938,-0.731176
5.81195,0.942478,-0.692005
5.81195,1.02102,-0.730017
5.81195,1.09956,0
5.81195,1.1781,0
5.81195,1.25664,0
5.81195,1.33518,0
5.81195,1.41372,0
5.81195,1.49226,0
5.81195,1.5708,0
5.81195,1.64934,0
5.81195,1.72788,0
5.81195,1.80642,0
5.81195,1.88496,0
5.81195,1.9635,0
5.81195,2.04204,0
5.81195,2.12058,0
5.81195,2.19911,0
5.81195,2.27765,0
5.81195,2.35619,0
5.81195,2.43473,0
5.81195,2.51327,0
5.81195,2.59181,0
5.81195,2.67035,0
5.81195,2.74889,0
5.81195,2.82743,0
5.81195,2.90597,0
5.81195,2.98451,0
5.81195,3.06305,0
5.81195,3.14159,0
5.96903,0,0
5.96903,0.0785398,-1.82229
5.96903,0.15708,-1.82229
5.96903,0.235619,-1.87373
5.96903,0.314159,-1.97306
5.96903,0.392699,-1.93874
5.96903,0.471239,-1.95336
5.96903,0.549779,-1.87488
5.96903,0.628319,-1.76763
5.96903,0.706858,-1.72093
5.96903,0.785398,-1.65368
5.96903,0.863938,-1.55593
5.96903,0.942478,-1.53916
5.96903,1.02102,-0.771995
5.96903,1.09956,0
5.96903,1.1781,0
5.96903,1.25664,0
5.96903,1.33518,0
5.96903,1.41372,0
5.96903,1.49226,0
5.96903,1.5708,0
5.96903,1.64934,0
5.96903,1.72788,0
5.96903,1.80642,0
5.96903,1.88496,0
5.96903,1.9635,0
5.96903,2.04204,0
5.96903,2.12058,0
5.96903,2.19911,0
5.96903,2.27765,0
5.96903,2.35619,0
5.96903,2.43473,0
5.96903,2.51327,0
5.96903,2.59181,0
5.96903,2.67035,0
5.96903,2.74889,0
5.96903,2.82743,0
5.96903,2.90597,0
5.96903,2.98451,0
5.96903,3.06305,0
5.96903,3.14159,0
6.12611,0,-1.35076
6.12611,0.0785398,-1.93377
6.12611,0.15708,-2.03193
6.12611,0.235619,-2.1887
6.12611,0.314159,-2.23304
6.12611,0.392699,-2.15401
6.12611,0.471239,-2.15319
6.12611,0.549779,-2.15896
6.12611,0.628319,-2.10158
6.12611,0.706858,-1.90856
6.12611,0.785398,-1.8211
6.12611,0.863938,-1.68592
6.12611,0.942478,-1.61989
6.12611,1.02102,-0.848304
6.12611,1.09956,-0.815346
6.12611,1.1781,0
6.12611,1.25664,0
6.12611,1.33518,0
6.12611,1.41372,0
6.12611,1.49226,0
6.12611,1.5708,0
6.12611,1.64934,0
6.12611,1.72788,0
6.12611,1.80642,0
6.12611,1.88496,0
6.12611,1.9635,0
6.12611,2.04204,0
6.12611,2.12058,0
6.12611,2.19911,0
6.12611,2.27765,0
6.12611,2.35619,0
6.12611,2.43473,0
6.12611,2.51327,0
6.12611,2.59181,0
6.12611,2.67035,0
6.12611,2.74889,0
6.12611,2.82743,0
6.12611,2.90597,0
6.12611,2.98451,0
6.12611,3.06305,0
6.12611,3.14159,0
6.28319,0,-1.40223
6.28319,0.0785398,-1.40822
6.28319,0.15708,-2.10936
6.28319,0.235619,-2.16003
6.28319,0.314159,-2.2112
6.28319,0.392699,-2.26625
6.28319,0.471239,-2.21976
6.28319,0.549779,-2.24827
6.28319,0.628319,-2.16844
6.28319,0.706858,-2.0466
6.28319,0.785398,-1.95847
6.28319,0.863938,-1.81067
6.28319,0.942478,-1.15968
6.28319,1.02102,-1.09122
6.28319,1.09956,-1.0405
6.28319,1.1781,0
6.28319,1.25664,0
6.28319,1.33518,0
6.28319,1.41372,0
6.28319,1.49226,0
6.28319,1.5708,0
6.28319,1.64934,0
6.28319,1.72788,0
6.28319,1.80642,0
6.28319,1.88496,0
6.28319,1.9635,0
6.28319,2.04204,0
6.28319,2.12058,0
6.28319,2.19911,0
6.28319,2.27765,0
6.28319,2.35619,0
6.28319,2.43473,0
6.28319,2.51327,0
6.28319,2.59181,0
6.28319,2.67035,0
6.28319,2.74889,0
6.28319,2.82743,0
6.28319,2.90597,0
6.28319,2.98451,0
6.28319,3.06305,0
6.28319,3.14159,0
